country,year,gdp
Bahamas,2015,
Bahamas,2014,
Bahamas,2013,
Bahamas,2012,
Bahamas,2011,
Bahamas,2010,
Bahamas,2009,
Bahamas,2008,
Bahamas,2007,
Bahamas,2006,
Bahamas,2005,
Bahamas,2004,
Bahamas,2003,
Bahamas,2002,
Bahamas,2001,
Bahamas,2000,
Bolivia (Plurinational State of),2015,
Bolivia (Plurinational State of),2014,
Bolivia (Plurinational State of),2013,
Bolivia (Plurinational State of),2012,
Bolivia (Plurinational State of),2011,
Bolivia (Plurinational State of),2010,
Bolivia (Plurinational State of),2009,
Bolivia (Plurinational State of),2008,
Bolivia (Plurinational State of),2007,
Bolivia (Plurinational State of),2006,
Bolivia (Plurinational State of),2005,
Bolivia (Plurinational State of),2004,
Bolivia (Plurinational State of),2003,
Bolivia (Plurinational State of),2002,
Bolivia (Plurinational State of),2001,
Bolivia (Plurinational State of),2000,
Côte d'Ivoire,2015,
Côte d'Ivoire,2014,
Côte d'Ivoire,2013,
Côte d'Ivoire,2012,
Côte d'Ivoire,2011,
Côte d'Ivoire,2010,
Côte d'Ivoire,2009,
Côte d'Ivoire,2008,
Côte d'Ivoire,2007,
Côte d'Ivoire,2006,
Côte d'Ivoire,2005,
Côte d'Ivoire,2004,
Côte d'Ivoire,2003,
Côte d'Ivoire,2002,
Côte d'Ivoire,2001,
Côte d'Ivoire,2000,
Congo,2015,
Congo,2014,
Congo,2013,
Congo,2012,
Congo,2011,
Congo,2010,
Congo,2009,
Congo,2008,
Congo,2007,
Congo,2006,
Congo,2005,
Congo,2004,
Congo,2003,
Congo,2002,
Congo,2001,
Congo,2000,
Cook Islands,2013,
Czechia,2015,
Czechia,2014,
Czechia,2013,
Czechia,2012,
Czechia,2011,
Czechia,2010,
Czechia,2009,
Czechia,2008,
Czechia,2007,
Czechia,2006,
Czechia,2005,
Czechia,2004,
Czechia,2003,
Czechia,2002,
Czechia,2001,
Czechia,2000,
Democratic People's Republic of Korea,2015,
Democratic People's Republic of Korea,2014,
Democratic People's Republic of Korea,2013,
Democratic People's Republic of Korea,2012,
Democratic People's Republic of Korea,2011,
Democratic People's Republic of Korea,2010,
Democratic People's Republic of Korea,2009,
Democratic People's Republic of Korea,2008,
Democratic People's Republic of Korea,2007,
Democratic People's Republic of Korea,2006,
Democratic People's Republic of Korea,2005,
Democratic People's Republic of Korea,2004,
Democratic People's Republic of Korea,2003,
Democratic People's Republic of Korea,2002,
Democratic People's Republic of Korea,2001,
Democratic People's Republic of Korea,2000,
Democratic Republic of the Congo,2015,
Democratic Republic of the Congo,2014,
Democratic Republic of the Congo,2013,
Democratic Republic of the Congo,2012,
Democratic Republic of the Congo,2011,
Democratic Republic of the Congo,2010,
Democratic Republic of the Congo,2009,
Democratic Republic of the Congo,2008,
Democratic Republic of the Congo,2007,
Democratic Republic of the Congo,2006,
Democratic Republic of the Congo,2005,
Democratic Republic of the Congo,2004,
Democratic Republic of the Congo,2003,
Democratic Republic of the Congo,2002,
Democratic Republic of the Congo,2001,
Democratic Republic of the Congo,2000,
Egypt,2015,
Egypt,2014,
Egypt,2013,
Egypt,2012,
Egypt,2011,
Egypt,2010,
Egypt,2009,
Egypt,2008,
Egypt,2007,
Egypt,2006,
Egypt,2005,
Egypt,2004,
Egypt,2003,
Egypt,2002,
Egypt,2001,
Egypt,2000,
Eritrea,2015,
Eritrea,2014,
Eritrea,2013,
Eritrea,2012,
Gambia,2015,
Gambia,2014,
Gambia,2013,
Gambia,2012,
Gambia,2011,
Gambia,2010,
Gambia,2009,
Gambia,2008,
Gambia,2007,
Gambia,2006,
Gambia,2005,
Gambia,2004,
Gambia,2003,
Gambia,2002,
Gambia,2001,
Gambia,2000,
Iran (Islamic Republic of),2015,
Iran (Islamic Republic of),2014,
Iran (Islamic Republic of),2013,
Iran (Islamic Republic of),2012,
Iran (Islamic Republic of),2011,
Iran (Islamic Republic of),2010,
Iran (Islamic Republic of),2009,
Iran (Islamic Republic of),2008,
Iran (Islamic Republic of),2007,
Iran (Islamic Republic of),2006,
Iran (Islamic Republic of),2005,
Iran (Islamic Republic of),2004,
Iran (Islamic Republic of),2003,
Iran (Islamic Republic of),2002,
Iran (Islamic Republic of),2001,
Iran (Islamic Republic of),2000,
Iraq,2003,
Iraq,2002,
Iraq,2001,
Iraq,2000,
Kyrgyzstan,2015,
Kyrgyzstan,2014,
Kyrgyzstan,2013,
Kyrgyzstan,2012,
Kyrgyzstan,2011,
Kyrgyzstan,2010,
Kyrgyzstan,2009,
Kyrgyzstan,2008,
Kyrgyzstan,2007,
Kyrgyzstan,2006,
Kyrgyzstan,2005,
Kyrgyzstan,2004,
Kyrgyzstan,2003,
Kyrgyzstan,2002,
Kyrgyzstan,2001,
Kyrgyzstan,2000,
Lao People's Democratic Republic,2015,
Lao People's Democratic Republic,2014,
Lao People's Democratic Republic,2013,
Lao People's Democratic Republic,2012,
Lao People's Democratic Republic,2011,
Lao People's Democratic Republic,2010,
Lao People's Democratic Republic,2009,
Lao People's Democratic Republic,2008,
Lao People's Democratic Republic,2007,
Lao People's Democratic Republic,2006,
Lao People's Democratic Republic,2005,
Lao People's Democratic Republic,2004,
Lao People's Democratic Republic,2003,
Lao People's Democratic Republic,2002,
Lao People's Democratic Republic,2001,
Lao People's Democratic Republic,2000,
Libya,2015,
Libya,2014,
Libya,2013,
Libya,2012,
Micronesia (Federated States of),2015,
Micronesia (Federated States of),2014,
Micronesia (Federated States of),2013,
Micronesia (Federated States of),2012,
Micronesia (Federated States of),2011,
Micronesia (Federated States of),2010,
Micronesia (Federated States of),2009,
Micronesia (Federated States of),2008,
Micronesia (Federated States of),2007,
Micronesia (Federated States of),2006,
Micronesia (Federated States of),2005,
Micronesia (Federated States of),2004,
Micronesia (Federated States of),2003,
Micronesia (Federated States of),2002,
Micronesia (Federated States of),2001,
Micronesia (Federated States of),2000,
Monaco,2013,
Niue,2013,
Papua New Guinea,2015,
Republic of Korea,2015,
Republic of Korea,2014,
Republic of Korea,2013,
Republic of Korea,2012,
Republic of Korea,2011,
Republic of Korea,2010,
Republic of Korea,2009,
Republic of Korea,2008,
Republic of Korea,2007,
Republic of Korea,2006,
Republic of Korea,2005,
Republic of Korea,2004,
Republic of Korea,2003,
Republic of Korea,2002,
Republic of Korea,2001,
Republic of Korea,2000,
Republic of Moldova,2015,
Republic of Moldova,2014,
Republic of Moldova,2013,
Republic of Moldova,2012,
Republic of Moldova,2011,
Republic of Moldova,2010,
Republic of Moldova,2009,
Republic of Moldova,2008,
Republic of Moldova,2007,
Republic of Moldova,2006,
Republic of Moldova,2005,
Republic of Moldova,2004,
Republic of Moldova,2003,
Republic of Moldova,2002,
Republic of Moldova,2001,
Republic of Moldova,2000,
Saint Kitts and Nevis,2013,
Saint Lucia,2015,
Saint Lucia,2014,
Saint Lucia,2013,
Saint Lucia,2012,
Saint Lucia,2011,
Saint Lucia,2010,
Saint Lucia,2009,
Saint Lucia,2008,
Saint Lucia,2007,
Saint Lucia,2006,
Saint Lucia,2005,
Saint Lucia,2004,
Saint Lucia,2003,
Saint Lucia,2002,
Saint Lucia,2001,
Saint Lucia,2000,
Saint Vincent and the Grenadines,2015,
Saint Vincent and the Grenadines,2014,
Saint Vincent and the Grenadines,2013,
Saint Vincent and the Grenadines,2012,
Saint Vincent and the Grenadines,2011,
Saint Vincent and the Grenadines,2010,
Saint Vincent and the Grenadines,2009,
Saint Vincent and the Grenadines,2008,
Saint Vincent and the Grenadines,2007,
Saint Vincent and the Grenadines,2006,
Saint Vincent and the Grenadines,2005,
Saint Vincent and the Grenadines,2004,
Saint Vincent and the Grenadines,2003,
Saint Vincent and the Grenadines,2002,
Saint Vincent and the Grenadines,2001,
Saint Vincent and the Grenadines,2000,
San Marino,2013,
Sao Tome and Principe,2000,
Slovakia,2015,
Slovakia,2014,
Slovakia,2013,
Slovakia,2012,
Slovakia,2011,
Slovakia,2010,
Slovakia,2009,
Slovakia,2008,
Slovakia,2007,
Slovakia,2006,
Slovakia,2005,
Slovakia,2004,
Slovakia,2003,
Slovakia,2002,
Slovakia,2001,
Slovakia,2000,
Somalia,2012,
Somalia,2011,
Somalia,2010,
Somalia,2009,
Somalia,2008,
Somalia,2007,
Somalia,2006,
Somalia,2005,
Somalia,2004,
Somalia,2003,
Somalia,2002,
Somalia,2001,
Somalia,2000,
South Sudan,2007,
South Sudan,2006,
South Sudan,2005,
South Sudan,2004,
South Sudan,2003,
South Sudan,2002,
South Sudan,2001,
South Sudan,2000,
Syrian Arab Republic,2015,
Syrian Arab Republic,2014,
Syrian Arab Republic,2013,
Syrian Arab Republic,2012,
Syrian Arab Republic,2011,
Syrian Arab Republic,2010,
Syrian Arab Republic,2009,
Syrian Arab Republic,2008,
The former Yugoslav republic of Macedonia,2015,
The former Yugoslav republic of Macedonia,2014,
The former Yugoslav republic of Macedonia,2013,
The former Yugoslav republic of Macedonia,2012,
The former Yugoslav republic of Macedonia,2011,
The former Yugoslav republic of Macedonia,2010,
The former Yugoslav republic of Macedonia,2009,
The former Yugoslav republic of Macedonia,2008,
The former Yugoslav republic of Macedonia,2007,
The former Yugoslav republic of Macedonia,2006,
The former Yugoslav republic of Macedonia,2005,
The former Yugoslav republic of Macedonia,2004,
The former Yugoslav republic of Macedonia,2003,
The former Yugoslav republic of Macedonia,2002,
The former Yugoslav republic of Macedonia,2001,
The former Yugoslav republic of Macedonia,2000,
United Kingdom of Great Britain and Northern Ireland,2015,
United Kingdom of Great Britain and Northern Ireland,2014,
United Kingdom of Great Britain and Northern Ireland,2013,
United Kingdom of Great Britain and Northern Ireland,2012,
United Kingdom of Great Britain and Northern Ireland,2011,
United Kingdom of Great Britain and Northern Ireland,2010,
United Kingdom of Great Britain and Northern Ireland,2009,
United Kingdom of Great Britain and Northern Ireland,2008,
United Kingdom of Great Britain and Northern Ireland,2007,
United Kingdom of Great Britain and Northern Ireland,2006,
United Kingdom of Great Britain and Northern Ireland,2005,
United Kingdom of Great Britain and Northern Ireland,2004,
United Kingdom of Great Britain and Northern Ireland,2003,
United Kingdom of Great Britain and Northern Ireland,2002,
United Kingdom of Great Britain and Northern Ireland,2001,
United Kingdom of Great Britain and Northern Ireland,2000,
United Republic of Tanzania,2015,
United Republic of Tanzania,2014,
United Republic of Tanzania,2013,
United Republic of Tanzania,2012,
United Republic of Tanzania,2011,
United Republic of Tanzania,2010,
United Republic of Tanzania,2009,
United Republic of Tanzania,2008,
United Republic of Tanzania,2007,
United Republic of Tanzania,2006,
United Republic of Tanzania,2005,
United Republic of Tanzania,2004,
United Republic of Tanzania,2003,
United Republic of Tanzania,2002,
United Republic of Tanzania,2001,
United Republic of Tanzania,2000,
United States of America,2015,
United States of America,2014,
United States of America,2013,
United States of America,2012,
United States of America,2011,
United States of America,2010,
United States of America,2009,
United States of America,2008,
United States of America,2007,
United States of America,2006,
United States of America,2005,
United States of America,2004,
United States of America,2003,
United States of America,2002,
United States of America,2001,
United States of America,2000,
Venezuela (Bolivarian Republic of),2015,
Venezuela (Bolivarian Republic of),2014,
Venezuela (Bolivarian Republic of),2013,
Venezuela (Bolivarian Republic of),2012,
Venezuela (Bolivarian Republic of),2011,
Venezuela (Bolivarian Republic of),2010,
Venezuela (Bolivarian Republic of),2009,
Venezuela (Bolivarian Republic of),2008,
Venezuela (Bolivarian Republic of),2007,
Venezuela (Bolivarian Republic of),2006,
Venezuela (Bolivarian Republic of),2005,
Venezuela (Bolivarian Republic of),2004,
Venezuela (Bolivarian Republic of),2003,
Venezuela (Bolivarian Republic of),2002,
Venezuela (Bolivarian Republic of),2001,
Venezuela (Bolivarian Republic of),2000,
Viet Nam,2015,
Viet Nam,2014,
Viet Nam,2013,
Viet Nam,2012,
Viet Nam,2011,
Viet Nam,2010,
Viet Nam,2009,
Viet Nam,2008,
Viet Nam,2007,
Viet Nam,2006,
Viet Nam,2005,
Viet Nam,2004,
Viet Nam,2003,
Viet Nam,2002,
Viet Nam,2001,
Viet Nam,2000,
Yemen,2015,
Yemen,2014,
Yemen,2013,
Yemen,2012,
Yemen,2011,
Yemen,2010,
Yemen,2009,
Yemen,2008,
Yemen,2007,
Yemen,2006,
Yemen,2005,
Yemen,2004,
Yemen,2003,
Yemen,2002,
Yemen,2001,
Yemen,2000,
